{"cameraMode":{"drawMode":0,"name":"Shaded","section":"Shading Mode"},"sceneLighting":true,"audioPlay":false,"sceneViewState":{"showFog":true,"showMaterialUpdate":false,"showSkybox":true,"showFlares":true,"showImageEffects":true,"showParticleSystems":true,"showVisualEffectGraphs":true,"m_FxEnabled":true},"in2DMode":false,"pivot":{"x":6.024044036865234,"y":-25.275087356567384,"z":73.97744750976563},"rotation":{"x":0.09077811986207962,"y":0.0012225848622620106,"z":-0.00010165954881813377,"w":0.9959046840667725},"size":68.91432189941406,"orthographic":false}