{"cameraMode":{"drawMode":0,"name":"Shaded","section":"Shading Mode"},"sceneLighting":true,"audioPlay":false,"sceneViewState":{"showFog":true,"showMaterialUpdate":false,"showSkybox":true,"showFlares":true,"showImageEffects":true,"showParticleSystems":true,"showVisualEffectGraphs":true,"m_FxEnabled":true},"in2DMode":false,"pivot":{"x":-11.891143798828125,"y":12.365224838256836,"z":19.313613891601564},"rotation":{"x":0.04412369057536125,"y":-0.6916931867599487,"z":0.042359430342912677,"w":0.7196645140647888},"size":83.00450134277344,"orthographic":false}