{"cameraMode":{"drawMode":0,"name":"Shaded","section":"Shading Mode"},"sceneLighting":true,"audioPlay":false,"sceneViewState":{"showFog":true,"showMaterialUpdate":false,"showSkybox":true,"showFlares":true,"showImageEffects":true,"showParticleSystems":true,"showVisualEffectGraphs":true,"m_FxEnabled":true},"in2DMode":false,"pivot":{"x":35.634437561035159,"y":-1.1705513000488282,"z":64.24759674072266},"rotation":{"x":0.18363091349601746,"y":-0.4584372639656067,"z":0.09743814915418625,"w":0.8641144633293152},"size":144.64859008789063,"orthographic":false}