{"cameraMode":{"drawMode":0,"name":"Shaded","section":"Shading Mode"},"sceneLighting":true,"audioPlay":false,"sceneViewState":{"showFog":true,"showMaterialUpdate":false,"showSkybox":true,"showFlares":true,"showImageEffects":true,"showParticleSystems":true,"showVisualEffectGraphs":true,"m_FxEnabled":true},"in2DMode":false,"pivot":{"x":-11.372879981994629,"y":-14.398616790771485,"z":17.731014251708986},"rotation":{"x":-0.3014712333679199,"y":0.19247600436210633,"z":-0.06227317079901695,"w":-0.9317934513092041},"size":27.931621551513673,"orthographic":false}