{"cameraMode":{"drawMode":0,"name":"Shaded","section":"Shading Mode"},"sceneLighting":true,"audioPlay":false,"sceneViewState":{"showFog":true,"showMaterialUpdate":false,"showSkybox":true,"showFlares":true,"showImageEffects":true,"showParticleSystems":true,"showVisualEffectGraphs":true,"m_FxEnabled":true},"in2DMode":false,"pivot":{"x":0.5791537761688232,"y":-0.16909292340278626,"z":-0.17140409350395204},"rotation":{"x":0.06445847451686859,"y":0.926461398601532,"z":-0.18617230653762818,"w":0.32075661420822146},"size":0.8406898379325867,"orthographic":false}